"province","population"
"Malampa",42498.5642197291
"Penama",35606.6203757073
"Sanma",60883.8463356753
"Shefa",103986.847163299
"Tafea",45714.9507939344
"Torba",11329.8422281777
